{"accuracy": 0.9578466666666666, "precision": 0.9554176446407023, "recall": 0.9605252632982269}